source	target
4045	8
13231	4
4417	1
7159	4
7356	8
5278	0
3016	4
9648	4
6119	1
10220	7
12443	4
6384	1
10084	4
7912	4
3595	4
8963	8
772	4
13182	4
2425	1
102	7
11508	3
12581	8
5792	4
8255	2
410	1
11760	2
1253	8
12644	4
902	1
10089	8
11615	2
9850	4
2264	4
6879	2
9469	1
7310	7
4156	1
168	8
8132	7
10726	4
4404	1
1534	7
11413	4
1701	8
5697	4
4351	2
3447	1
13532	4
8337	4
12354	1
5711	4
5987	6
7286	2
8784	4
13683	8
10860	4
5117	4
6926	1
7492	0
4708	4
1844	1
7202	1
360	1
2614	8
4462	8
10815	4
3366	4
4801	4
1385	8
6596	2
11554	4
9384	1
12447	0
8346	4
12940	4
4101	4
468	4
993	6
2236	1
11421	4
11846	4
5598	4
13219	3
7191	2
8718	1
8217	4
868	8
1944	7
8466	4
9090	4
8696	1
6908	1
7021	4
8170	2
2485	0
7448	3
12216	3
4923	7
181	3
487	5
9103	4
13621	1
4862	8
5595	6
5952	4
13559	5
2629	4
9960	2
11487	7
8871	4
6735	1
884	4
2271	0
4031	8
5833	8
9790	2
3275	4
5927	4
10414	1
8620	4
6552	8
5763	2
3386	2
3617	1
13276	7
8854	4
11684	1
2320	1
7199	2
4750	1
10845	1
3702	7
8581	1
10237	9
12741	4
605	8
862	8
13712	4
10590	4
11670	4
6193	7
3694	4
10557	8
11932	1
99	8
10143	7
2157	8
4046	8
12776	1
4871	8
10023	1
11500	7
7921	2
1217	7
5357	7
1002	4
6625	0
5781	5
13240	1
8387	8
2928	0
4850	7
12999	4
11910	4
8079	6
3204	4
2325	5
1593	4
8354	3
4884	2
11133	2
1983	4
9145	4
8807	6
11547	4
5221	2
13152	4
7228	4
6389	1
3950	4
8460	4
5019	1
3706	4
3827	5
9656	9
6885	4
12092	4
1078	1
10434	4
1010	4
11959	1
4094	2
1022	4
11304	4
2626	3
6444	4
4176	2
3011	4
4714	4
5646	7
2483	9
9785	2
2122	4
7278	4
3316	1
7338	4
1453	6
2791	4
9255	8
7894	1
2058	2
4231	7
10872	4
1580	4
11334	4
12397	8
7172	4
8514	7
7868	1
2927	4
9458	4
10873	1
353	3
12209	9
11697	8
169	8
13434	2
533	2
7807	4
4365	6
4649	8
6590	4
7539	4
11136	8
10354	4
8140	1
8483	8
6664	6
5538	7
3305	1
11124	7
11240	4
11001	8
8570	1
7146	4
11518	5
8138	4
11432	7
6699	4
12275	8
11004	1
13406	2
1978	1
9453	2
9415	4
1270	4
811	4
1039	4
10325	7
9660	6
3312	4
977	8
6526	8
177	1
11373	5
5180	8
11178	8
2826	9
8302	3
4403	4
2119	4
63	4
8077	4
5640	4
13293	8
542	4
8511	9
586	4
7895	2
7007	3
7033	4
10939	1
3499	7
8309	4
1617	4
12772	4
1579	8
4028	2
12068	7
9663	8
8790	2
13116	4
6705	4
8145	4
6237	2
7233	3
2798	1
3059	8
4119	4
10409	8
455	4
5504	4
10708	4
4367	1
8	1
6597	8
11609	1
457	0
13176	8
13584	6
10286	4
4834	1
4191	4
6319	2
7440	2
3800	4
2400	0
3889	4
6215	4
9676	2
7474	3
4693	8
13705	1
3194	8
6437	4
7942	2
5071	2
11102	2
4325	7
11184	8
11836	4
12587	1
8379	1
9222	3
9976	4
12428	4
3573	1
1261	8
5324	4
7907	8
13387	2
11434	8
7844	4
13477	4
8521	8
11203	4
4394	4
11273	4
4139	1
10995	4
1372	4
7273	1
2884	4
1402	8
3065	8
7203	4
6422	0
8726	2
2899	4
6388	2
5436	1
2848	4
7187	2
6743	9
4029	7
4201	6
10329	7
12543	2
11541	6
1945	4
5483	1
6282	4
1114	1
2858	4
2312	2
6071	4
1351	8
9695	1
5809	4
6584	8
9253	4
7412	3
7728	6
10950	3
6152	4
4392	6
6832	4
11596	8
11066	4
8201	4
4807	8
9757	8
12607	0
9221	3
9150	4
4099	1
399	8
2980	6
12160	4
6393	4
3251	1
10165	1
10282	4
7873	7
1713	4
1623	3
8303	2
2388	4
13506	7
7093	2
5981	7
2677	8
8290	8
1575	1
5610	1
11118	4
8844	1
2676	1
3651	2
2974	4
12106	2
1799	2
4299	7
10511	4
12963	2
8982	1
1358	1
8908	4
7300	8
9016	8
12258	4
7963	6
1923	4
12322	8
10428	4
3445	4
5921	4
3614	2
8612	7
8040	4
4450	1
13119	3
6537	3
12117	4
13585	0
8880	4
6225	4
5890	7
12011	5
1368	8
7990	4
1984	4
5438	1
1482	4
608	1
6693	1
8651	3
12057	3
385	9
8550	2
3912	7
3859	1
4092	6
12170	8
2802	1
13222	4
11188	4
1659	1
1791	8
1989	4
3872	1
1744	4
7417	8
4436	8
10446	4
8074	4
9147	1
4168	8
3844	1
11532	4
13228	8
3090	4
13104	1
13169	2
2442	4
4129	8
12726	4
450	4
12907	8
12960	4
1953	1
4115	4
4764	3
1107	8
6092	8
8271	2
7216	4
1697	7
4751	4
927	4
7550	1
8518	4
3887	4
1320	2
11365	6
10715	0
9345	7
4861	4
3910	4
6072	2
7379	0
13011	7
13158	1
10504	4
10751	2
8288	1
1086	7
2366	1
1393	3
2991	2
2310	4
3601	8
1373	4
3437	4
5076	8
2301	4
8214	4
12341	3
11563	4
1121	5
7433	4
8689	7
9761	1
10838	4
8276	0
3616	4
12817	6
7484	8
9870	4
8410	0
3434	2
4502	1
10510	8
11255	3
10366	1
12618	4
12930	2
10886	1
12486	4
1483	4
4269	8
8298	2
8607	7
6580	6
10559	8
9247	1
8495	5
3409	7
11678	8
9724	4
304	4
10155	4
10362	6
311	2
8593	5
357	9
749	8
10192	7
9316	4
13707	4
8163	5
13115	7
8568	1
8323	4
6077	1
4842	2
6706	4
13411	8
7580	1
4043	4
10090	4
9139	4
12777	7
1006	4
8938	2
7222	4
9463	4
4918	3
10678	1
248	4
5015	7
4162	4
2512	4
3295	9
13549	4
3487	1
5635	2
12075	8
518	4
70	4
1957	7
9440	4
11068	3
5886	8
4705	1
5456	2
1489	2
1139	4
2144	1
10066	1
3063	1
1795	8
5225	5
10607	2
13198	4
4190	4
624	1
2375	3
8101	4
2270	1
4296	4
6857	5
8205	4
11269	7
6755	6
1430	1
5271	1
1199	4
7173	4
10341	2
5955	4
13565	1
3441	8
3288	1
10334	4
5740	8
12876	8
7719	4
6847	4
3334	0
7225	4
217	1
5524	4
7856	2
2167	7
3578	4
9842	7
9712	2
6648	4
13626	4
2034	4
3433	8
7747	6
10298	4
1475	1
6475	0
184	4
10847	1
13097	1
8452	4
10894	4
12955	4
13318	8
2527	1
5038	2
8720	8
5382	4
7872	2
2036	7
7247	1
12143	8
592	9
11308	8
218	4
1743	4
2029	1
5928	4
7467	4
795	9
4414	2
3509	1
2019	4
13438	4
9564	9
10689	2
4189	4
11618	0
4982	2
9629	1
6532	4
4077	4
12634	1
2704	2
10407	1
3024	4
6044	4
1061	0
9787	4
7210	4
3691	4
9825	4
9272	1
5337	8
1493	1
1457	2
1626	3
3707	4
8541	1
7063	8
5549	6
1083	4
3421	4
5257	4
9420	6
9279	4
5512	4
1197	7
7601	8
7254	8
465	2
5597	4
5849	4
13519	6
113	2
7625	8
4348	1
747	1
11196	2
10753	1
10443	4
6608	4
35	8
13127	2
13261	4
47	1
8898	1
2150	2
12964	4
8274	8
2507	4
6794	1
9753	2
4040	3
4949	8
12821	4
9994	3
4810	4
13304	6
11010	0
13371	4
3996	8
1889	4
6137	4
2948	4
9487	3
4397	6
1213	1
7582	4
6386	1
3355	4
2189	5
11778	4
9854	4
5942	4
8678	7
9423	8
5993	7
9225	4
3798	4
5846	4
2128	1
13048	8
11091	4
10796	4
538	2
12059	4
8236	5
8778	2
2117	3
8900	4
9541	2
7375	4
6162	1
10566	5
10356	6
9403	4
13235	4
9318	8
7136	4
6151	0
12633	4
10191	1
2337	1
7169	4
11633	9
4464	5
2477	4
13720	1
6205	4
7937	8
9615	5
11976	4
11509	3
3833	4
13322	3
10437	7
10074	1
9488	1
379	4
11624	8
6632	7
12718	1
8193	3
6927	4
1650	8
8786	4
9386	7
6301	8
8881	8
2662	4
2754	1
13583	4
2452	4
8246	9
6955	4
13057	2
12513	6
9416	8
10718	8
1621	1
2582	4
11743	8
13751	0
10455	8
3111	6
10694	7
7602	4
8747	4
5381	8
12935	2
1328	8
167	8
11762	6
290	4
8261	1
12263	4
5623	4
8394	8
10619	1
4288	5
12856	8
6695	5
8650	8
9597	4
8012	1
8485	3
1533	1
5748	4
4947	4
11643	2
4783	4
8635	8
4822	8
10556	4
1562	4
12673	1
12749	3
5493	4
6455	4
13039	2
8598	4
2357	4
4993	8
9970	4
11732	0
7127	4
13195	1
247	1
13560	9
8739	4
11187	4
13568	8
1634	6
5339	3
12879	4
6720	1
8639	8
10085	4
511	8
2988	4
2796	2
8873	7
13627	3
6021	4
5125	3
5677	6
2002	8
5270	1
9699	4
12537	1
6051	0
12577	4
12529	2
5589	4
11813	1
5826	4
10889	2
135	2
431	2
2913	8
8985	0
2099	4
1310	8
5328	4
8424	9
10762	4
5764	8
1026	3
8300	4
9232	4
900	7
1769	4
3323	4
11858	1
5502	4
7771	2
7251	4
8446	5
6611	7
10735	1
41	4
12824	4
2771	1
11948	8
13521	2
3351	4
9611	4
9704	6
5786	0
1190	4
10747	7
12113	4
7799	4
9727	3
1683	1
9220	4
11431	1
1408	8
10377	4
13288	1
13647	1
5001	4
6373	0
4743	4
12753	8
9436	4
11011	6
5219	2
4382	0
937	1
6346	7
833	2
9462	4
7393	8
6357	4
872	4
4905	2
13023	3
5380	8
13021	4
12162	4
4447	4
6575	6
4477	1
3938	8
7309	4
4048	4
8974	4
13704	9
10076	7
8055	1
4605	4
284	8
2067	7
9915	1
3015	6
8886	3
6577	4
12262	4
8902	2
173	1
8802	4
3289	4
10858	7
9830	4
9666	2
5834	1
6141	8
3488	8
720	7
10553	4
10207	4
6551	4
3060	8
3375	2
7899	1
8085	6
10364	3
3623	1
12773	8
2859	8
2081	2
2183	7
6186	4
1491	4
7672	2
4580	4
10752	4
3422	8
11799	8
4701	4
7061	4
9113	2
5912	0
4903	4
10572	2
8585	8
11644	4
6177	2
2955	4
9612	4
12976	1
1516	1
5900	1
11047	4
11076	4
6605	6
11558	4
3043	4
13275	2
3794	4
10770	4
10683	4
11064	2
119	0
3314	6
2069	2
5692	9
10254	4
1720	4
11387	1
657	1
3680	4
2009	4
2055	4
11988	9
13597	4
7405	1
2519	1
9934	8
2012	4
4742	8
704	8
9402	4
2039	8
8366	8
150	4
9797	1
12290	8
9626	1
8282	1
6214	8
9646	4
13701	4
8890	1
12472	4
6658	1
5933	8
9107	4
11950	4
7653	9
5769	8
1433	2
4110	4
11267	4
12985	4
5396	2
1705	8
3984	6
3528	8
2619	6
4407	2
2554	4
10017	4
8272	0
1175	7
7047	1
3703	1
33	8
12641	4
5359	1
10132	4
5425	2
2348	4
2487	4
6556	1
1688	1
925	8
1606	4
9470	4
908	8
1530	8
7685	7
1662	8
4526	4
7410	4
4843	8
6945	1
12638	4
13377	1
6778	8
764	2
11048	9
1085	3
7324	2
2753	4
8796	4
8660	4
5794	4
978	7
11962	4
7087	0
6698	6
50	2
8922	8
6109	7
8114	4
7095	4
4738	1
8128	1
8606	2
11890	0
8496	4
12754	3
9969	4
7276	8
10509	4
5228	4
13496	4
3031	0
1225	4
8355	4
5183	4
9931	1
4238	8
12828	4
7838	4
396	4
8745	8
7741	2
10405	8
3045	8
7709	4
1470	3
4237	5
5290	9
930	4
817	4
434	2
8852	1
1035	4
2021	3
1326	4
2766	4
200	3
5379	1
3207	8
13393	8
251	0
1739	0
10623	4
9174	2
5964	2
5046	8
7318	4
2303	2
6424	4
4793	8
149	2
8552	6
13332	1
8054	9
9026	3
10984	4
11953	2
9245	7
763	0
8203	4
10999	2
2342	7
3070	6
6378	2
1766	7
10919	2
5773	4
9869	1
8222	1
4691	2
3946	8
13750	4
8382	4
5790	4
83	1
5643	1
8559	2
1383	4
12500	3
2664	2
3931	4
10943	0
5848	3
429	1
8447	4
4830	4
8693	4
9826	4
12334	4
13283	3
5114	8
8697	9
1740	0
293	4
1783	6
3980	4
12676	4
5522	4
637	4
13203	8
653	4
1602	8
8028	8
5985	3
10904	8
11783	1
9088	0
9957	4
11173	1
2616	4
11629	4
6878	0
10036	2
13075	8
13191	4
5723	8
103	1
5532	4
1157	1
11961	8
10742	2
5875	4
8692	6
9226	8
9498	2
647	3
6824	4
4879	4
1512	8
6392	1
10118	8
9234	8
11991	4
7100	4
7046	8
11114	4
2864	4
1665	4
543	1
4089	4
1346	4
9713	4
9304	4
13505	2
2596	8
12671	1
5304	4
9039	4
10972	1
741	1
8200	7
5044	1
15	1
3105	2
7261	4
9746	1
10068	4
4184	1
10988	9
4250	4
9803	6
9659	3
4398	1
714	1
5145	8
5400	9
4679	2
5514	4
3891	4
12943	1
2109	4
8742	4
4215	8
839	3
9718	8
11599	7
10234	4
9270	1
12242	4
13278	7
7038	4
8437	2
13251	4
744	4
932	6
1142	2
1599	1
12055	4
2182	6
2894	3
1786	2
4128	2
9570	1
2455	8
4393	4
8701	1
10194	4
530	4
6459	4
12789	1
8952	4
6508	4
8115	1
1954	4
10862	7
13452	1
13131	8
13580	4
1297	2
6131	8
11973	4
1684	2
2254	1
7925	1
895	1
11417	5
11512	1
13478	8
828	8
13573	4
11354	6
1226	4
11366	4
11155	3
13737	4
8979	8
9955	1
6870	1
2788	2
535	8
11770	8
13628	2
2992	4
6182	0
11838	4
3753	4
10563	4
12208	7
1178	3
9675	5
2909	4
3724	4
12371	4
3208	4
13258	4
2351	4
4015	4
2501	4
1043	1
11659	2
7615	4
373	0
12791	5
9332	8
13290	8
1807	4
10107	4
3037	2
12345	4
9924	2
9249	1
2534	4
8257	1
3846	8
7335	4
4767	4
3851	6
4202	1
7229	2
3492	1
12584	6
185	3
13582	6
3025	8
4100	4
6176	2
7556	1
2054	4
3592	0
12339	4
4301	4
8048	8
10275	2
2308	6
11943	7
6909	1
4004	2
1935	1
13484	1
4695	4
12896	2
11069	1
9782	4
10633	0
11153	4
9876	4
9209	4
3268	2
5354	4
8156	1
4118	1
1236	8
7414	4
12026	4
8937	9
7639	4
676	8
9964	2
10021	8
5034	4
4217	0
921	8
13149	7
1182	2
10612	4
2995	4
221	1
8065	4
1327	8
4536	1
5259	4
4772	4
10618	1
2206	4
7120	1
11181	8
8334	4
333	1
5888	4
11768	3
4643	6
2531	2
10799	1
2536	4
4374	9
11280	2
8414	4
12022	4
9008	1
3540	6
10505	1
6536	5
13269	2
5082	0
8628	8
10905	4
3988	1
12247	0
724	2
12518	4
8998	7
4165	4
13541	8
7315	1
8614	8
8443	5
4653	2
447	5
7726	1
13546	4
5843	2
9356	4
9938	1
6682	1
12001	4
2390	3
10846	4
5931	2
4347	4
683	1
10022	3
12346	4
875	4
3206	4
9701	1
3290	4
6264	2
1315	4
12514	7
5657	8
6108	4
3570	6
5936	4
13236	8
914	9
2751	7
6594	4
2820	2
10164	4
7049	4
3379	8
8539	4
3643	8
10243	6
13126	4
3341	9
6779	7
7700	5
5418	2
2267	8
3689	4
1237	4
8197	0
12368	4
101	1
7030	8
5910	0
13225	1
10121	3
2334	1
1355	8
979	2
4520	4
13689	4
8950	4
1488	1
13005	4
12123	3
1586	8
1018	2
1153	5
907	8
9717	4
11439	3
1323	4
3837	3
13241	8
4506	4
4702	4
9044	8
9593	4
1722	1
11460	9
12686	2
11587	2
10795	4
5572	4
3668	2
7589	1
12271	4
10671	6
4659	1
10760	4
19	8
4012	4
8057	4
3469	8
8622	4
11073	8
8037	4
3418	2
5747	1
3919	4
321	2
3698	4
10670	5
3576	4
13495	4
8524	2
5358	4
11268	1
6161	4
9069	2
10569	3
6415	1
9387	3
8677	9
11263	0
10956	4
263	4
11840	4
2020	6
10531	5
7974	4
12082	3
13380	8
2714	1
11429	8
473	8
7541	4
7945	7
13137	8
4730	1
12996	0
8494	1
9799	2
3955	5
1418	4
5205	8
11115	4
8683	8
7534	8
8153	1
2435	8
12007	2
12799	4
4098	3
3098	4
4604	1
3231	8
2816	6
1247	4
9289	9
12189	8
2232	3
12721	8
9574	6
13552	2
5653	1
6407	4
3325	8
850	8
10782	4
1655	2
5689	1
8178	1
9383	8
2201	2
5466	8
5920	2
1964	8
13220	4
11469	4
7471	6
1880	8
5206	4
967	4
12318	0
7284	1
10113	4
10206	4
95	4
11311	1
3404	6
7562	0
13686	4
8818	8
7952	4
12972	9
59	5
3684	4
12995	8
10920	2
13345	2
5553	4
13250	4
5282	1
2405	1
7900	4
3478	1
10307	4
461	1
7688	2
5778	4
6210	4
12138	1
6385	8
13144	2
9040	8
5312	8
7163	4
6661	2
10069	3
7864	7
398	4
7107	4
3669	8
2344	4
327	8
4333	6
1053	8
5286	8
9445	1
8875	3
10615	1
11667	4
2807	8
1921	2
6291	8
8904	4
330	4
7320	1
2085	4
9022	4
1768	1
613	4
1282	0
12099	6
6223	8
11854	1
11562	2
14	4
10073	4
13517	4
4303	1
7342	4
10079	4
9329	8
8142	8
4513	4
8131	4
611	1
3678	1
4064	4
4328	8
10316	2
3813	2
3461	4
5279	4
5371	1
7076	1
9751	4
6631	4
7475	1
13536	8
2177	1
6684	1
1730	4
7488	4
12566	8
12597	8
6522	8
2459	7
11724	8
4097	5
2701	1
3154	1
970	4
11034	7
13199	4
9102	0
7750	4
9406	8
2453	7
6032	2
2456	8
3463	2
8672	8
3372	4
11578	4
4026	4
6073	7
2611	4
7065	8
3745	7
11570	4
2998	4
6194	7
9849	4
8587	8
8348	3
13540	4
8870	3
10116	6
12642	6
10609	5
11902	8
1166	4
9584	6
3942	1
2407	4
5049	8
4991	7
11423	4
11370	0
3948	1
4739	4
6006	4
12280	1
5852	4
3058	2
1111	7
2954	4
708	4
2769	8
4148	8
5349	2
11893	4
8137	6
10007	4
1347	4
10761	7
8713	4
9606	4
2805	2
2087	4
1208	0
10668	2
424	4
554	1
944	3
5838	4
6478	4
8493	7
7820	1
4684	2
2478	4
8098	4
9972	8
1965	3
6557	9
13310	3
4639	7
3344	2
3909	2
10432	1
11098	8
573	0
3550	4
12205	4
9176	1
3611	8
6856	4
7681	8
10941	4
11996	4
13187	4
4540	4
4091	4
7377	1
11588	4
68	2
10638	8
6134	7
13315	3
12343	4
7067	4
12118	7
11498	5
9643	1
10925	4
2996	4
5412	8
5403	5
1595	8
2145	1
2184	8
4608	8
6803	4
6485	0
4999	4
732	7
245	8
4901	5
2417	6
13148	1
10744	1
5028	2
2655	4
9737	8
2952	2
6821	4
9480	4
11343	8
10217	1
13648	2
673	2
2628	7
7505	8
7058	1
6452	7
476	1
2615	8
5212	9
6440	8
9525	1
6607	2
5715	4
2856	4
1611	4
12544	4
4013	4
12166	2
1508	2
6433	7
1350	4
12833	2
2589	3
2929	4
13538	1
5519	8
9644	5
2876	2
7307	4
2609	2
4194	4
812	8
8504	4
6298	4
3013	7
3429	2
10519	8
10908	3
3100	5
2124	4
10878	8
6084	1
6651	7
12407	8
9671	8
1427	2
2473	1
11823	1
11819	1
299	1
11639	4
3378	4
1413	1
114	4
5958	4
3656	8
10896	8
6329	1
230	4
12549	4
6518	8
8698	1
8297	4
4149	4
4454	4
3752	4
1520	1
6286	8
11553	1
9740	2
214	1
4860	4
10643	8
11742	4
7364	5
9063	4
9104	7
4226	4
696	4
4685	8
9231	4
3143	1
6839	4
6199	4
13024	4
11660	1
10249	2
9292	4
13285	4
11863	1
6880	3
2631	2
4877	4
2471	0
13614	4
5716	2
7696	9
10548	5
8866	1
736	1
13291	8
9451	0
3244	8
6874	8
2865	2
2095	2
11949	7
4291	8
3898	8
11340	4
2215	4
3652	2
5399	4
1747	1
1498	2
10843	1
3613	4
10061	1
3076	4
10384	1
6442	4
7623	4
11326	8
31	4
8273	9
10911	4
8862	4
10508	2
6030	8
4074	4
12058	2
5292	2
4638	0
11202	1
8999	8
11126	4
6595	3
9084	4
11821	7
5361	4
483	1
5152	8
2323	4
10476	8
6572	8
6143	4
8530	2
10792	4
11565	4
7435	8
4111	2
6224	5
12063	1
2439	6
12149	3
10725	4
4720	1
7272	4
9923	8
7341	4
7955	9
12448	2
5385	4
8116	4
8330	4
8887	3
12411	4
1414	1
499	4
668	2
11908	3
4549	0
12482	4
13673	4
303	4
4081	4
3857	2
4501	4
9025	9
10274	4
11585	4
4671	4
12602	8
9362	8
2919	7
3995	4
4600	9
8540	0
12292	8
4395	2
8084	4
12798	7
1068	4
10731	4
553	4
13200	5
11853	1
13607	4
4688	9
9545	4
2227	7
12631	6
8953	1
11982	4
2680	8
10355	4
420	2
8889	2
4010	8
1496	7
1047	4
11481	4
7796	8
856	8
9948	7
10650	2
10278	4
2595	2
2525	4
4696	4
6512	4
6277	8
8879	8
820	4
1643	4
8136	0
10401	8
107	8
367	2
10215	4
11142	7
6110	6
7386	4
5140	1
4561	2
7852	7
9608	3
13691	3
4292	2
12266	9
510	7
700	8
10224	7
2900	0
1277	4
6248	1
5664	1
39	0
3708	2
4663	4
7111	4
2412	7
13403	4
6959	1
6306	8
9537	4
9143	8
11499	2
346	1
11490	1
5202	4
474	7
9305	0
12768	1
8324	8
8071	4
8462	4
6627	4
12737	4
12386	2
10571	1
971	3
6692	3
7439	4
5163	4
8487	3
5751	3
1201	4
5990	4
36	8
10327	8
12027	8
5709	4
5608	1
8748	8
8030	8
12413	4
3660	8
11230	1
1288	4
13058	8
13305	1
4244	2
10349	2
1746	1
13287	4
4337	2
11113	0
6369	3
5050	1
9071	8
10936	4
7780	5
6950	4
210	8
1950	8
651	4
1396	8
12792	1
4562	4
7425	7
1670	8
6216	1
3485	8
9967	8
9773	4
4617	4
3941	0
9306	8
484	7
898	4
1732	8
8579	7
5309	4
9875	7
2420	1
1250	9
8218	4
13612	4
13672	8
7250	4
4170	6
7792	4
5414	4
582	2
7051	4
8254	3
5174	2
9526	0
762	4
10467	3
1870	8
11535	3
9886	2
2495	8
738	4
4759	1
2746	1
6934	8
6363	2
6167	4
10991	4
13006	8
3166	4
750	4
10389	2
4614	1
1839	3
12842	4
1275	4
7105	4
10438	8
6867	4
4664	2
2319	6
8035	4
3944	4
3971	8
10104	4
7447	6
1369	4
740	1
2698	1
7444	2
1188	1
12767	4
4902	8
1570	7
11355	3
6923	8
2127	5
9237	4
13744	4
1981	2
12643	4
5156	1
7540	4
3817	8
2057	4
8216	2
9251	4
7768	1
10739	2
4084	8
4874	3
3069	4
12998	4
4147	1
3834	8
8515	4
9099	4
7975	8
10029	1
562	7
3411	2
3094	4
640	4
1669	4
12279	4
11527	4
11688	2
4885	2
4459	4
13634	7
7532	7
3881	7
9851	1
10279	4
9546	8
12863	2
180	7
8331	4
10154	0
2218	1
4746	4
1955	4
1057	4
9407	4
8440	8
1399	1
10549	4
12539	7
9661	7
6714	4
11077	4
6245	4
6050	0
13046	1
1210	4
13432	4
8247	1
2238	4
8729	2
12860	4
9391	4
13531	4
2984	8
9243	1
7328	4
12645	8
4455	1
11006	8
1434	4
13734	4
92	2
7271	4
12347	4
5980	8
2448	4
13680	8
12651	8
2444	8
9883	4
13013	1
9683	2
11195	8
5340	4
12449	8
7529	7
1084	4
428	9
6311	7
11531	1
12440	4
12272	4
3221	3
5531	9
7153	4
408	8
10358	2
1608	4
9552	4
6660	4
6925	1
4342	4
4075	4
8454	1
5181	4
2957	8
949	2
8610	9
8279	4
9578	8
9607	4
5932	4
6206	1
4984	8
6018	3
12984	6
5327	1
10834	0
1421	8
5277	2
3704	1
819	4
2993	4
3785	4
4989	4
3902	4
10296	1
3120	3
7442	1
11604	3
1285	4
4959	4
8067	1
10662	4
8765	9
1091	4
12408	2
73	2
9004	2
8878	4
4093	4
5681	4
8510	9
291	8
6247	4
3991	8
4838	4
2089	4
3821	1
1801	4
12606	4
7231	4
3963	1
4339	2
318	2
11050	5
4467	4
10062	1
6884	7
1825	4
4281	4
2470	4
144	8
3563	9
6550	6
13465	2
6087	8
10746	6
7028	4
1830	8
6334	4
85	8
3532	8
1219	8
3077	7
9835	1
10771	8
12370	4
3877	4
8798	1
8970	0
594	4
7360	4
4962	1
4484	3
3000	4
7642	8
13555	8
12892	2
4053	8
61	8
3068	3
10976	4
9808	2
6114	4
10888	1
11364	2
8972	1
6196	7
13645	4
3781	1
6896	4
12692	1
958	2
8008	4
1513	2
2290	2
12008	4
1479	4
13194	1
4127	4
13385	9
6377	4
12491	4
7157	6
9350	1
12171	4
7387	1
8250	8
8977	4
3780	4
5250	4
11591	4
13180	4
127	4
9035	7
9857	4
9096	4
6835	4
9205	4
12080	8
12654	2
6883	4
275	0
4193	4
9640	9
1272	4
5148	3
7854	7
8723	8
6723	1
1897	8
6922	1
6717	3
13503	4
4894	4
11734	2
715	1
9669	8
3017	2
1118	4
2692	8
11970	4
8233	8
2818	7
2316	4
10842	2
5612	4
3169	1
10631	6
11963	4
8314	1
12284	4
4740	4
8473	4
7981	8
4412	1
11878	8
5725	1
1864	3
8187	4
10111	8
8637	4
3307	4
3692	4
13234	1
733	2
4731	3
4352	6
2457	1
11566	4
6750	8
12621	4
7689	4
2874	5
11237	8
4122	6
12193	4
6083	4
6669	4
11885	8
11057	1
5537	8
13711	3
3222	4
13300	8
2777	4
12462	4
3131	4
9513	4
6520	1
3107	4
6904	4
6641	6
7422	7
9730	3
11519	1
1793	4
1692	4
6613	4
13637	8
13173	2
493	6
12498	8
157	2
10974	4
3038	4
5999	1
2688	4
10466	0
2287	1
8412	1
3405	1
965	4
2760	0
10378	4
2252	4
7753	8
2578	4
438	4
12303	5
3571	6
1614	4
6630	8
9810	7
8897	3
8027	4
12020	3
13467	4
756	1
12711	6
1090	4
5701	4
3467	4
13325	4
3393	8
5169	3
13675	4
11056	9
3855	2
9294	2
7655	4
3297	7
11673	4
9413	4
7637	4
1878	0
13295	8
13108	0
3522	8
1119	1
13586	6
7640	3
5828	4
3646	4
6189	8
8358	8
8627	4
10436	1
9023	3
3101	4
1432	8
3958	4
6462	1
5460	8
2174	7
5464	8
2102	4
7713	4
12674	4
2656	4
5835	1
1934	4
12132	5
7213	8
11841	2
12667	1
5369	7
5405	8
5963	7
758	7
8762	2
829	8
7885	4
13391	4
3921	4
5556	1
2447	4
7567	4
11316	4
5601	1
7839	4
10020	4
5306	7
9211	8
3819	1
11436	2
1459	4
6436	4
8459	6
4768	4
10100	7
13593	1
5025	8
3465	4
5386	2
12141	3
2673	0
134	1
10402	0
6423	6
12880	2
9460	4
13346	4
799	8
13259	2
7691	4
427	1
9340	1
11384	8
6425	4
12819	8
7292	4
12286	4
13146	4
1255	2
7724	2
4660	4
12888	1
8991	1
2318	1
9533	4
8722	1
8630	1
6844	1
8111	1
3146	4
6399	6
8781	4
3804	4
9073	8
13518	7
11179	8
11442	0
3822	4
9497	1
5165	8
13600	4
0	4
6258	4
3455	2
7457	7
2924	5
11198	4
10728	4
9988	4
6657	4
12479	0
3014	9
7551	1
5703	4
8509	1
5478	1
2018	0
4489	8
5263	4
4344	8
3526	1
3519	8
9057	4
3128	4
8239	9
8600	8
11017	6
13248	8
3184	4
5508	4
11361	2
7743	4
13110	8
216	3
4952	2
4387	8
3299	7
7757	5
866	2
6929	4
43	7
17	8
3728	4
8372	7
1883	2
13363	4
9152	8
9117	4
11483	2
11630	1
7472	1
3328	4
4953	6
7267	4
7188	8
6820	4
11396	1
12796	4
13694	1
259	3
443	1
8439	3
8962	1
2968	4
532	4
6561	4
13439	2
8777	8
8869	4
13312	8
13357	4
12623	1
430	4
13698	7
8806	4
2328	4
6173	2
11887	7
577	4
12782	8
10372	4
7738	8
6554	8
13085	4
12317	7
1698	4
761	4
4104	4
796	4
3080	4
13034	4
3773	5
5858	1
7103	1
12951	9
11275	2
2546	2
1941	1
3608	8
3547	1
6220	2
9166	4
10099	4
10034	1
11075	4
9399	1
6270	3
3233	7
10413	4
591	4
13513	8
4123	8
2910	8
1041	4
9507	4
5040	4
2517	8
2221	0
7366	4
9021	7
5762	8
7706	8
6170	4
3387	3
9861	1
7438	1
960	4
3842	2
5775	1
3449	1
6728	6
883	4
4308	1
7969	8
10390	8
4019	1
6862	8
10946	4
7283	1
9266	2
13590	4
3886	2
5155	4
7976	2
9201	3
5129	7
4329	7
2450	8
13107	7
13460	2
10604	4
3873	1
11907	8
8959	2
1160	4
7289	4
8402	5
11025	7
9178	1
2154	4
3884	1
12177	4
8091	4
10863	1
2742	4
4618	4
10767	4
12236	8
10304	4
12684	4
7302	4
4246	4
12226	8
1147	8
6703	8
11721	3
7671	1
5996	4
11771	4
13596	4
1886	8
623	4
4816	4
1339	4
13595	2
10198	4
2935	4
5566	7
4216	2
12353	1
1501	2
11675	1
3021	1
5707	5
3079	4
3615	4
10153	4
10655	4
9115	4
8545	1
6023	1
5331	1
12505	1
6802	8
8756	1
7621	4
11090	7
4062	4
8760	1
12060	4
9901	8
11079	1
5684	2
12452	8
9170	4
7861	7
8196	1
12617	4
5120	6
1472	4
4981	1
5844	4
9082	4
5421	4
5474	2
7811	5
11685	4
9613	4
12125	4
3954	4
2210	2
13558	5
578	7
1511	7
6307	7
12329	4
4755	4
3647	1
414	4
6920	7
6461	4
5863	4
10933	4
426	1
621	1
2094	6
12147	4
2380	4
5814	8
2340	1
4295	6
265	1
10005	8
6014	4
10702	3
13678	2
11766	1
3746	4
5333	2
8122	8
4791	8
9581	4
2088	4
13262	8
2142	6
12766	1
9983	4
9758	1
1082	1
1671	1
10415	4
3116	1
10189	1
5195	4
9505	4
9432	2
1971	2
2608	1
7749	7
4192	5
9349	3
7198	2
694	4
6746	7
12332	2
6497	8
9142	4
4441	4
11488	8
2966	9
4401	4
12220	8
3187	4
11891	0
2882	4
9906	0
10465	4
11119	4
8821	4
8583	6
11625	6
9630	8
8794	8
11452	1
7635	7
1463	2
8649	4
376	2
8015	2
10451	4
2216	4
4556	6
11977	2
12553	2
9520	4
11478	1
5861	8
12555	0
6517	8
13746	2
3495	8
3710	2
2392	4
12629	4
2484	2
8000	1
7800	4
7614	7
2046	4
4410	4
1254	4
952	1
9293	5
10809	4
3635	1
4829	4
2932	0
7388	1
9334	2
1718	4
13081	8
11864	8
10458	3
13664	2
4794	4
13669	2
4965	9
7565	8
5058	1
4035	4
4220	6
2564	8
3585	4
12895	4
9691	5
1536	2
1056	1
1146	4
11070	8
1937	4
5862	4
1031	3
6387	2
8147	7
3482	1
13386	8
7897	4
4925	8
6954	1
2543	7
96	4
2474	1
2684	1
2522	8
6466	1
13157	1
2239	8
3679	1
4336	2
12038	4
3027	4
4665	8
1042	1
2389	8
12030	1
10697	2
1592	4
2391	4
3082	4
13516	8
4400	1
10420	2
8572	7
13344	2
3193	8
10186	1
4519	2
13550	8
2901	7
3	4
6027	1
6853	4
12657	6
11277	0
6187	4
12136	2
13416	1
3542	4
11256	2
9709	8
439	0
6921	8
3425	2
6729	8
4936	3
4863	1
9703	7
13265	8
10696	0
88	8
11495	4
2576	2
6000	3
8788	4
13153	6
4313	8
12431	4
274	8
1281	4
9450	7
10883	4
4265	1
5437	1
6562	0
7344	1
5822	8
10530	4
3978	8
12973	4
6343	7
4676	6
6606	4
415	1
8827	4
2250	7
13358	1
5272	4
3562	1
10672	3
7428	9
710	4
5434	4
9711	6
407	1
5106	8
7831	2
13185	1
12548	1
6310	4
2893	4
13523	4
3214	1
9355	8
5489	2
12270	4
3210	4
12239	1
3546	4
12656	6
12281	4
8359	4
8715	4
1523	1
7633	8
4359	6
10496	4
1110	8
11289	6
1406	0
10137	4
5220	4
6817	0
11299	2
11212	4
9385	4
8001	4
2559	6
6850	8
12897	8
10103	1
5908	4
633	2
3717	8
8377	1
2168	2
9052	2
3658	4
8099	4
131	2
1486	2
11078	0
5090	7
10806	4
6271	1
8253	1
774	8
11674	2
11360	8
1631	2
2333	8
3315	1
7258	4
2540	2
469	1
7332	4
3424	4
9024	9
9081	9
12563	3
10579	2
11702	4
3975	2
5960	4
9050	7
8500	4
598	4
13742	7
563	5
1905	4
6290	4
4553	4
6076	4
1576	4
5173	7
7676	4
6978	7
2764	4
4463	2
3501	4
9819	6
11027	4
12532	7
79	8
1694	6
9455	7
2372	4
11814	1
7573	1
8617	4
4914	4
12877	4
13723	8
4640	4
6480	4
10018	3
6886	1
2091	7
3213	8
6586	1
1904	5
12473	8
2837	4
7915	2
3132	8
9056	1
2498	1
1851	3
5459	8
2030	3
2588	4
7803	7
4480	5
8686	4
11406	4
1145	4
10450	4
12050	2
12467	4
13745	4
8422	4
10661	4
9514	8
8543	8
6876	8
852	4
1494	4
4442	4
9006	5
2464	1
13308	0
12105	5
1805	4
2288	4
387	4
9330	4
2937	4
13616	9
188	6
1123	7
10219	4
12630	4
10686	4
6790	4
3369	2
9517	1
10713	4
1594	8
7588	4
9822	1
500	2
5830	8
9191	4
9417	1
8836	5
2231	8
7599	4
2633	4
5905	4
12065	7
9594	4
590	4
6843	2
11368	3
13428	8
6029	4
2075	1
4375	8
6058	2
8730	8
6201	1
7333	1
11225	7
777	4
5885	8
2347	4
3474	8
13639	4
1194	4
9363	8
7197	1
12601	8
11683	1
2304	2
6463	4
5702	8
9464	3
8674	4
1113	4
2982	4
656	8
3254	8
7255	4
13188	4
5547	2
12795	4
3130	8
13659	0
10287	4
13451	1
2813	9
6757	7
565	4
8361	8
1803	6
8020	4
12379	7
8596	2
840	4
1642	0
7450	2
9239	2
5066	4
3448	2
2666	6
1972	6
46	4
1149	4
8642	4
2943	4
10575	9
11427	7
765	4
6300	8
3527	1
7018	4
1566	8
3274	4
5761	1
11134	8
5070	7
11716	9
2620	8
7772	2
7070	4
2613	4
8621	8
3026	4
6118	2
10245	4
5511	2
9619	1
1011	2
6101	4
6127	8
11061	8
9240	7
9553	4
11218	4
2685	8
7855	4
3997	4
13442	4
10970	4
5032	8
911	5
4509	8
10673	4
11677	4
12952	4
5199	1
11790	2
11109	4
10891	8
2727	6
1345	4
1444	4
9100	4
5749	2
4256	4
6260	8
8294	4
2422	1
6302	2
2732	1
80	1
7150	4
4024	4
4102	4
335	4
4974	4
13303	7
12525	8
3508	4
1572	3
9401	5
12104	8
879	2
3545	6
11749	4
3477	2
1509	4
1896	5
3599	0
7665	4
7627	7
8455	4
10832	8
10536	1
1845	1
8237	6
111	8
472	0
6335	1
9689	3
10928	1
4641	7
10803	4
9706	7
7139	4
12430	8
12385	0
13170	1
1183	4
9965	4
12941	4
2861	4
11606	4
7085	4
3852	4
2108	4
6861	0
5130	1
3755	9
12213	7
5444	1
13588	8
4315	4
10072	2
4878	4
13421	7
6571	0
6147	2
4954	1
7301	2
8061	3
12110	7
12847	8
11786	2
10839	3
3219	1
8759	7
2186	9
13323	1
4073	2
9296	8
1193	1
45	4
4533	2
11503	1
976	0
11147	8
5245	1
1578	2
11926	8
3559	7
2963	4
6350	8
10522	4
1584	8
3772	8
7862	4
11739	4
12912	7
8899	1
1975	4
12765	1
4521	2
6676	4
315	4
11796	4
5719	4
6438	4
10464	8
10810	8
12669	1
2840	1
3520	1
1624	1
7075	0
4972	4
6849	4
10940	2
2315	1
6017	8
8943	1
12238	7
6697	2
3989	4
1071	8
13414	8
11691	4
4105	1
6037	3
8167	1
2404	4
11459	4
3035	5
5605	6
409	8
5168	4
37	2
2286	0
576	2
3751	4
3468	3
12335	8
2973	8
7145	4
10926	1
713	4
13211	1
6747	2
4429	5
1087	9
10125	4
2335	0
5264	1
11236	8
3705	7
1454	4
9617	4
9297	2
11930	0
881	2
2906	2
1710	1
5579	4
4682	4
6914	4
6203	7
9229	4
2245	7
8876	7
12867	4
6679	0
6860	8
6624	1
6209	4
8457	1
12087	3
239	1
8093	2
5893	7
11916	4
13082	8
1597	1
8863	2
1097	8
394	8
9902	4
1901	0
4900	2
3860	1
12414	3
1180	1
7586	1
1911	8
4475	4
3353	4
8993	1
3006	2
2214	7
8673	4
2781	8
6281	6
7277	6
8763	4
12460	4
6814	1
5500	2
9354	6
2879	2
4872	4
11492	4
5771	4
8812	4
12146	6
4779	4
12681	4
5914	4
8675	7
10585	8
1691	4
6013	4
7631	7
5513	4
9290	4
123	8
9968	4
1952	2
11782	4
6325	1
9735	4
4786	8
11560	8
4112	4
13009	4
4003	1
3413	4
5584	1
8919	7
8525	3
906	3
7626	3
3693	4
7346	2
12762	8
3118	4
12668	0
10543	3
10876	1
12406	2
7821	4
13488	8
794	2
1891	8
5813	4
9448	4
8536	4
295	4
5431	4
11526	8
1046	4
5576	1
5727	4
5284	1
13355	4
1785	4
10547	1
286	3
5651	8
11381	8
1758	0
12111	4
1284	4
4870	1
7281	7
6759	4
12232	4
11651	9
13239	4
9257	4
4609	8
3033	0
567	4
6822	3
10083	4
549	4
4125	8
12432	8
9605	3
5568	4
1731	3
3574	1
10469	4
12904	4
10336	8
10376	4
13314	4
11205	8
13164	4
2648	2
2586	2
5404	1
4948	9
12458	4
6125	4
8481	4
3160	1
6041	4
7660	4
8011	8
11735	2
7517	8
3480	4
2377	4
11276	4
11295	1
12695	4
5376	4
6634	4
3115	2
12412	4
10763	4
6952	2
2025	4
11882	4
9928	1
5967	4
11444	1
9538	2
11116	2
12464	4
2585	8
1303	8
3282	4
8413	4
7399	8
6418	4
13674	4
5903	4
8710	8
9375	6
4096	0
12710	4
9263	4
10534	9
9389	8
1613	7
10794	5
10497	4
6906	2
11172	4
6769	6
2015	2
6888	4
5667	4
6148	7
7068	4
5020	5
8063	8
2981	2
10291	2
467	2
4106	4
12010	7
8127	1
12218	4
4921	8
381	4
106	2
7481	1
6492	2
2638	1
9929	1
12829	7
12611	1
3838	2
11386	8
411	8
7652	5
8506	8
12716	4
4438	8
13738	4
12194	4
3858	2
12861	8
11711	5
4245	4
4341	9
4448	1
1503	9
10158	2
5937	4
7530	2
4667	4
13665	4
5426	4
10855	0
10385	1
12850	8
1862	2
4504	4
12831	8
7376	4
2360	8
5860	2
8956	8
2133	8
8735	4
8928	7
2406	1
29	2
5424	4
9796	2
5804	1
2801	4
5821	4
5899	4
2922	4
7793	2
8388	8
568	4
11788	4
11239	1
11232	4
10359	8
1245	4
10545	4
7293	2
1458	3
1943	8
1835	9
11906	4
316	7
108	6
12094	1
5128	4
6997	1
9271	4
9950	1
6345	8
13690	1
10315	8
6489	4
6107	5
6075	4
5665	1
13456	3
1748	7
7711	8
9778	4
12770	8
7914	2
2678	7
7113	4
5062	8
2715	1
9314	2
4219	8
5151	8
5632	7
6321	5
4420	4
6338	1
6145	4
4819	0
13244	4
6138	4
8681	8
5389	7
1398	8
5758	6
973	2
4209	1
6234	4
5564	4
7242	6
9217	4
12089	1
7918	3
7174	4
9909	4
12752	1
6178	7
5118	4
7802	4
3721	4
7784	7
1374	0
3088	4
11818	6
6515	1
4069	4
7515	4
8653	4
4457	4
2458	1
5998	8
10624	4
5100	4
5344	4
11161	4
10	3
7592	4
10717	5
10692	9
1426	3
11105	0
3265	2
7746	4
10962	4
718	3
7334	0
9522	4
7499	8
8014	1
5035	0
10780	4
12729	4
11129	4
10892	2
735	4
10637	4
7606	4
323	4
1344	4
2140	4
6560	2
10947	2
6727	1
909	3
2627	6
9300	0
6601	4
3399	2
496	8
10475	4
8576	5
10675	9
9438	7
10630	4
9572	7
12381	4
9535	2
3470	4
1206	8
7919	8
12067	4
8086	8
10800	1
10008	7
1195	4
5186	5
13679	1
7144	4
1423	4
4785	0
4606	2
9133	1
10196	4
13469	4
11177	4
288	4
4257	4
7091	2
5294	1
12337	4
8882	8
10134	4
9252	1
8401	8
13001	8
388	4
836	9
10098	8
10374	8
280	8
6053	8
12690	8
6939	4
5837	8
7717	4
2675	4
13463	1
1112	8
5013	4
4058	2
11842	4
11510	1
3784	2
11828	4
1034	4
13324	4
8732	1
267	4
11611	3
9858	8
1598	1
13601	1
7826	8
9479	8
7590	4
8316	1
11347	4
6765	6
13499	4
8939	7
13567	4
3048	4
12302	9
12949	4
1379	4
4890	8
11628	8
10577	2
10861	4
11121	1
10821	4
416	2
4630	4
11285	4
3371	4
1962	4
3790	4
620	4
3894	6
1703	8
652	3
9367	8
7359	1
13401	4
3473	2
3776	4
11557	4
4233	7
1232	8
11826	4
12225	8
10303	4
5787	1
8221	4
8368	2
10790	5
2516	4
9452	8
10542	8
6903	9
7824	2
4716	4
3603	4
11507	4
4590	4
8231	2
1506	8
11919	7
10031	1
11972	8
13413	7
730	4
13109	2
9156	7
11997	0
1745	1
3853	1
13422	4
2709	2
5735	1
3388	7
6011	2
7578	1
4353	8
4754	6
11217	2
3126	0
1156	4
7720	6
32	3
9284	4
10676	7
1336	2
12403	2
12493	4
11777	4
10772	4
1610	8
939	4
4527	5
4023	9
12384	3
10115	4
10127	4
745	2
4083	4
7496	4
2877	0
11946	8
1741	8
8507	1
2651	4
5970	4
3002	4
1821	8
7765	3
1330	1
11183	1
957	8
2110	0
5527	1
1660	8
5836	8
6383	4
12241	8
655	4
9918	4
6753	4
10503	7
4881	4
2199	0
2960	4
5563	7
11958	3
12722	8
9634	4
11580	8
1405	8
13383	3
2625	5
10550	4
5022	4
5353	4
12988	8
3148	8
7773	8
2873	4
7748	6
5916	1
6618	9
7219	8
6798	1
76	4
6086	4
8241	4
12560	8
2260	3
1775	1
4622	4
93	4
13273	2
4007	1
12417	1
11063	5
5528	6
3181	4
8522	4
1076	2
2338	4
13156	4
1885	8
4985	7
9975	2
9697	4
4832	4
2759	6
12983	7
4515	3
4030	7
3352	4
1437	1
1233	3
12211	4
13066	4
8204	8
8062	3
2465	2
6266	2
5756	9
449	8
4411	8
3621	4
2317	4
2185	4
1890	2
1155	1
13578	8
6734	8
5391	4
1728	4
4338	1
9856	7
11888	7
9966	1
11883	2
5006	1
2503	9
6499	1
2463	6
9483	4
2846	4
7459	4
4602	2
1612	4
4814	3
2191	1
1729	1
10255	4
9571	8
8825	7
13457	2
8764	1
12882	8
4047	6
4629	8
9001	1
8846	8
4560	1
4240	4
4635	1
7074	4
2755	4
2492	1
3139	4
7463	4
9194	4
4672	7
3272	8
11712	7
5023	8
2889	7
788	2
8113	4
4828	1
13042	7
9380	0
6330	4
4789	8
9568	1
8108	4
11746	8
1780	4
13444	4
2959	8
9534	2
7249	8
349	4
12712	4
10791	8
3349	1
42	4
801	4
3529	5
5107	1
981	1
3458	4
4978	2
5099	5
6427	8
6786	2
4889	8
7785	8
6647	1
6756	8
2756	4
916	4
1616	4
7801	4
13562	8
2146	4
1833	4
12053	0
5196	2
9045	4
11616	4
10561	1
12012	4
9889	1
782	0
13713	1
6504	4
11686	2
8296	4
2401	2
9471	1
4205	2
2152	8
11159	4
2947	4
8769	8
7934	2
5008	1
12000	8
7740	9
8544	9
6827	8
3023	5
3541	4
3279	4
13093	8
13498	4
6213	3
2804	1
2211	4
6227	4
10597	1
10263	4
3133	7
5261	8
5267	7
4320	4
7012	4
2107	2
10146	4
10398	2
3973	2
5582	2
3034	2
10166	4
8929	4
3286	1
2367	7
8425	4
10580	7
440	8
11590	6
11035	1
12304	4
6395	7
9029	4
1224	8
8251	8
2592	7
3247	4
7317	4
9801	3
5805	8
6991	7
2691	8
4132	8
5712	0
5123	6
2249	7
2552	1
5042	4
8986	8
9230	3
3649	4
8184	4
9066	4
4851	0
6913	4
8400	4
1360	4
3196	8
2037	2
486	4
9112	4
783	1
6887	8
12434	4
10565	8
3238	6
11784	8
7303	2
5144	4
7207	3
13715	0
4963	1
10480	4
6958	7
1915	4
8949	3
6662	8
3464	4
2138	4
11054	8
4919	1
742	4
7020	4
10684	8
5465	2
7367	2
12705	4
3442	0
5061	4
2847	8
9169	4
11060	4
8390	4
8310	8
13138	4
5674	4
6208	4
8688	1
1834	4
8703	4
8976	8
11543	8
11482	0
12853	2
13124	4
10012	8
12184	4
8657	0
3003	5
23	4
9728	1
3524	4
10059	1
6933	1
8280	4
1309	8
9431	0
7252	0
3475	4
789	8
10914	4
10934	6
3284	4
13301	4
2514	0
4385	1
12511	4
13014	7
6020	4
13136	2
9838	1
11437	4
3688	2
1395	6
4706	4
5815	7
13676	1
4747	8
10151	0
7477	8
10711	2
5363	5
11051	1
10460	4
9635	1
3301	1
11748	4
11859	4
12052	9
5948	4
712	4
4279	7
12155	1
7887	4
9622	3
1822	4
8634	4
11216	4
7735	1
12046	4
7180	1
6066	4
1977	4
10931	7
3264	8
5559	8
252	2
7476	4
2098	4
4826	4
10391	1
3671	4
10879	4
9962	8
4416	4
12959	8
5768	4
12360	1
7664	8
5430	2
5857	1
10903	6
9694	8
5079	1
11168	4
7195	4
8631	2
13661	3
9893	7
8663	4
5992	4
56	1
3412	0
9780	8
2855	7
5246	7
2986	1
11410	4
13610	4
9936	1
11033	2
11455	1
6292	2
8072	6
7917	8
2188	1
8975	2
4049	5
11350	1
11320	6
8626	4
9490	4
3544	9
519	4
9987	4
4508	1
9566	4
11602	1
7019	1
227	4
7234	2
10444	9
8840	8
8741	4
12845	1
9287	1
1699	8
13668	9
11933	8
1877	1
513	4
12285	4
4802	2
8814	8
12451	4
9381	1
9652	7
7520	4
5030	4
7781	8
7305	8
2916	8
480	2
13059	4
12580	7
2577	4
4896	2
12461	1
7201	4
10313	1
5714	2
7675	8
1596	5
10709	4
3896	8
9693	1
1349	4
12437	8
6081	7
3777	4
12646	4
10930	4
8270	2
8081	4
9707	4
10472	4
6458	9
11219	4
2762	4
13515	4
12519	4
3685	6
3602	2
9862	3
9573	1
1446	5
8983	4
1020	7
705	7
5397	8
1866	0
9030	4
13443	4
12954	6
10989	4
2574	6
11605	4
2956	4
3742	8
3914	4
12316	6
1419	4
1103	4
5224	1
5453	4
6639	1
1558	4
12786	4
6005	2
5800	4
11756	4
3523	2
4542	1
10311	8
3400	1
13317	2
4721	4
4722	8
7995	8
11603	1
2652	4
9863	1
5226	4
11146	4
11192	8
5766	9
10807	8
292	4
2836	4
10885	1
6341	8
10605	4
2870	3
6498	4
6098	2
9673	4
10184	1
6825	4
1318	1
2730	8
5318	2
9567	4
8344	4
10471	4
12550	1
2228	5
7034	1
4418	2
8420	0
10330	4
5234	1
5350	3
6830	4
356	4
13427	8
11839	4
4584	5
837	5
266	1
2006	2
5841	2
9946	4
2362	9
11327	1
11065	4
11315	0
10032	8
5372	1
12590	2
826	1
8947	4
4253	4
10588	2
12243	8
7066	1
1441	7
3066	3
9118	8
2748	8
6259	4
8736	8
3061	4
8019	7
8013	1
11513	2
1963	8
3125	1
5609	4
13542	2
1127	4
9913	4
10826	8
5406	8
10387	8
5375	5
6348	4
12720	8
1543	1
3263	4
7886	4
8965	7
2268	4
7110	9
5950	1
13280	5
132	9
10765	8
11377	6
603	8
5440	7
10576	5
393	2
12589	4
5098	2
6505	4
3928	2
8728	8
4983	9
11925	4
6965	4
9621	5
2277	1
10710	2
3234	4
12425	1
3498	1
4950	1
7453	7
13003	5
7593	4
401	8
11210	6
7563	4
10836	1
9723	4
11245	1
4680	8
6128	4
3403	3
6045	4
3883	1
12265	1
8644	4
13221	1
6133	4
1573	6
12794	4
8557	3
2423	8
11993	4
10309	0
7132	3
6567	6
6523	4
11689	7
10179	4
11898	2
8471	4
809	5
10094	2
2650	4
13362	4
13622	4
10691	4
3190	2
3620	8
1702	5
5688	4
8926	1
3650	4
12380	0
13205	8
8134	4
11612	4
3370	4
12924	1
8740	3
9963	7
9338	1
8528	4
10226	8
11573	6
11058	0
9357	4
5706	0
664	8
9486	4
8229	4
7275	4
3347	4
1568	4
462	1
743	1
222	4
9003	4
3994	1
7767	1
6503	1
625	4
9770	2
8395	4
6104	4
11005	4
9360	8
11290	8
12157	4
4449	7
7782	6
456	5
11029	7
8450	8
4335	1
2621	8
6713	7
12948	7
6902	1
5146	1
10923	8
13566	2
1760	4
842	1
12081	4
11672	0
5494	7
12492	4
2902	3
9162	4
8520	1
8948	0
8031	4
7571	2
5477	2
8183	8
11870	4
3431	4
12962	8
8299	4
13396	1
12868	2
9033	4
11162	2
4725	8
6688	4
11112	4
5883	2
11007	4
12299	6
9241	0
9812	4
368	4
11530	4
3593	8
1415	4
6831	4
13633	7
13479	8
5733	4
4960	1
12168	4
1721	7
8005	1
4060	2
13254	3
1824	7
9672	4
12986	4
11059	0
11699	3
3232	2
1918	2
6243	8
1569	8
9985	8
347	1
1242	2
6535	7
6180	4
12217	3
8565	1
12825	8
6431	4
9317	7
10924	0
11999	4
11281	2
8523	8
12779	4
10370	3
8405	5
11416	4
5503	7
13641	0
12233	1
11144	4
9733	2
1222	4
5479	2
2134	4
11830	6
6848	4
9164	6
7682	4
509	4
9595	4
12152	8
748	4
1259	3
4718	8
1888	2
711	8
12061	7
12561	4
6654	1
11696	4
11979	4
4808	2
3329	4
3293	2
7407	8
10833	1
11293	0
11978	8
9210	4
13359	8
104	5
1794	4
2386	4
11525	1
4847	4
7013	4
1658	8
212	8
13592	1
4419	7
12966	2
1359	8
334	4
6973	9
3110	4
792	3
233	3
7460	1
6153	4
1064	8
209	8
10498	2
9997	4
10774	2
4498	8
6192	4
2413	2
7337	1
10122	7
10614	4
9049	1
871	2
1263	4
1618	1
4345	1
2414	4
6752	1
12376	2
7205	1
1220	2
9371	1
1765	1
5216	4
7420	1
12248	2
2001	8
8052	6
4581	4
6174	1
1485	8
3582	9
2523	8
12062	1
12129	3
3078	4
4833	0
1305	8
4782	1
9468	4
4381	8
10491	4
6987	4
12586	8
2165	2
617	8
13343	6
10393	8
5239	6
7466	2
9393	4
9791	4
8180	9
4770	8
9301	0
13476	4
2004	5
13147	3
3047	0
9592	2
12187	8
12655	7
11324	8
6948	4
8370	4
3095	8
9668	4
3285	4
6956	1
13178	4
6195	1
1313	7
12639	9
12422	2
9716	4
2903	8
6740	1
3333	4
3053	4
10175	2
7716	4
9000	1
2269	1
10957	8
9430	2
12320	1
8602	8
10493	7
5384	4
11028	4
13623	4
4707	4
12257	4
2114	4
6157	1
7822	4
7200	6
2602	8
11803	1
4607	0
9589	2
8240	4
4756	1
5321	4
9927	8
520	4
9602	8
6070	4
12610	6
9075	4
1092	4
9992	2
7528	1
4913	1
9212	3
3771	4
1109	8
4655	4
1038	1
5639	7
20	9
7224	4
5617	6
934	4
11180	8
12433	6
13204	2
1726	2
4490	8
9441	4
12084	8
1737	4
8480	2
561	4
6851	3
12687	8
10897	2
1162	2
10052	4
9188	2
5871	4
1527	6
8488	4
11556	1
2930	4
58	4
13043	8
10977	2
11729	7
4483	4
2291	7
5872	6
11797	0
6969	8
11880	0
11468	8
1649	1
13569	0
8283	0
2724	4
9726	8
10050	2
13007	4
11634	8
13070	2
7053	3
9378	3
7181	7
7791	8
11085	4
7949	9
3870	0
7001	8
13080	7
2907	7
9878	4
8971	1
3538	2
915	8
4415	2
9820	6
9288	8
1817	8
13430	2
3949	7
337	4
2072	3
11913	7
9657	5
9585	8
6946	4
3513	1
2815	4
6398	1
11811	4
8161	4
9971	4
7298	4
766	4
3782	9
6592	8
1144	8
12823	3
2510	4
12975	4
2273	7
13213	6
7077	1
8022	7
4864	7
13336	8
7603	4
11805	9
12401	4
4924	0
4532	1
5411	3
1672	4
7808	2
5767	4
4055	1
6211	4
1808	4
2275	1
3761	4
5922	4
9698	3
9055	4
5687	4
2045	7
8532	8
10485	4
5113	9
1295	2
7458	4
4687	1
3952	8
5554	1
4317	1
9213	8
444	8
858	2
4439	8
841	4
5627	0
10239	7
7456	7
10602	1
994	4
7883	1
9392	4
1554	4
1973	7
7336	8
12961	8
8709	2
8144	7
2513	7
2835	8
4700	8
2445	3
2233	7
3050	4
9193	8
400	6
11345	1
9527	1
7220	8
9628	1
1023	0
3298	4
5496	4
8327	7
13431	2
13501	5
13226	1
7649	8
5562	3
7944	6
6834	8
6742	5
4080	1
803	4
1550	1
1009	4
13714	4
2737	4
5095	2
648	8
7968	4
2862	8
4975	4
12910	9
8209	1
550	8
10312	4
8542	1
211	8
11497	7
8124	3
7535	1
10046	1
3543	2
6339	4
1438	5
2515	7
2868	1
2434	2
5045	1
4792	4
9982	8
9604	1
9148	1
1314	4
10180	2
13649	8
7316	1
3979	1
12	4
11166	5
818	1
2784	1
11904	8
453	4
1049	8
13331	1
1656	1
3457	1
5746	2
12018	8
10797	2
13524	6
5139	8
2908	0
10172	4
940	4
5683	1
10857	1
10587	2
9157	6
6749	4
8772	4
4634	8
9319	1
12496	4
5407	4
1400	6
30	1
3677	4
8104	4
7443	7
10337	4
10120	1
13091	7
7168	4
7182	8
8198	8
1108	1
10502	4
12456	7
3229	4
6421	4
8671	1
11374	4
3319	7
9199	4
6355	2
11681	4
12920	8
7591	4
2553	4
7699	8
5364	4
2686	4
6253	9
10269	0
1563	4
8075	8
11985	4
3071	3
10690	8
11523	6
4474	1
6935	1
10881	7
10241	3
4856	2
5268	4
2853	4
10967	6
12017	1
10456	4
9048	4
6872	4
4601	3
11945	1
5803	6
12683	1
2213	4
4929	4
12883	8
9993	4
10964	3
7670	1
2111	2
9275	1
5620	8
12968	4
8223	1
6061	4
4446	8
12435	1
10310	4
9892	6
5026	1
7924	9
13020	4
11031	8
9364	8
11395	1
355	9
1429	3
7503	4
11484	1
9926	1
11257	1
11765	1
332	4
8249	4
12293	2
4224	4
964	4
120	1
4930	6
9377	1
12520	1
4710	4
3281	4
2370	4
2544	1
7060	8
8513	2
2885	2
11243	4
2178	1
8107	7
4898	4
5153	4
7983	1
10212	8
6918	4
9421	4
9990	4
3123	8
11021	4
1544	4
6435	4
13556	8
9848	4
10499	8
8824	4
9276	4
8753	1
945	5
9818	8
4550	4
12278	9
7142	4
12738	0
13095	8
1675	2
8645	4
1561	7
10639	4
12865	4
8779	1
4541	4
9322	4
12325	1
1095	8
10242	1
12393	2
3287	2
12223	4
677	8
2605	1
1392	6
5902	4
11897	1
752	2
1711	2
3737	2
13454	1
11744	4
3215	6
8149	6
6961	8
1777	7
4113	4
1770	8
11720	1
5909	7
3022	4
4228	1
12649	1
3012	7
12559	7
7246	1
13747	1
4619	6
12313	6
7238	2
5795	4
11502	4
527	2
7810	1
12622	7
4264	4
4262	8
7044	1
1919	8
701	7
11156	4
8629	4
5018	4
5654	4
4423	6
10880	4
4868	8
1298	6
11167	8
1352	8
2926	4
6670	1
10680	8
1287	4
9980	4
10365	4
12485	4
8727	3
12899	1
3697	1
2013	4
9195	4
4373	4
8291	4
10951	9
7403	4
2147	6
7290	7
7847	2
5473	2
13360	8
8171	8
13644	4
5743	1
8860	4
9185	8
11089	4
10051	2
810	5
7017	0
9502	4
2073	4
9563	2
10347	3
10078	2
885	4
1477	4
1790	4
6877	4
2008	5
7441	1
682	7
3895	1
6482	2
7936	1
5642	4
57	2
7877	4
5847	9
2399	7
9159	4
13242	1
4126	8
12204	2
10599	4
1468	4
1416	3
470	4
2358	4
2722	6
8119	8
6069	3
11728	2
11661	4
7978	3
4525	2
4610	4
5614	4
11086	1
10622	8
3869	4
13193	3
11845	2
6454	6
5770	2
9682	8
10819	7
4674	7
1055	8
2281	6
10216	4
6412	1
1924	3
4907	1
11092	4
12429	9
1075	1
1115	4
3936	4
3533	4
8376	4
460	4
3032	1
4207	8
12310	4
5613	8
1452	8
2149	8
319	4
9839	4
6372	8
1922	8
13162	1
12562	4
13603	6
11099	4
8893	4
11283	1
12980	8
2129	4
12859	7
8492	2
10014	1
11298	7
2509	4
1052	1
11785	1
11980	4
4067	4
5024	4
1456	4
6964	4
361	4
7814	3
12925	2
13570	8
3145	4
7645	1
7508	1
8126	1
9562	3
12210	0
9500	2
8855	4
10996	4
540	4
4235	4
5507	8
11648	4
8373	8
9034	1
12416	4
754	2
9119	4
2003	4
2542	4
7510	7
6315	1
5218	1
6818	2
4271	2
100	4
9807	8
5362	1
4766	0
12301	4
4880	4
8489	1
601	4
8750	0
12268	2
5957	9
2431	8
1044	0
10648	7
1557	4
5009	8
1487	8
9636	1
12650	8
8885	4
2115	7
12214	4
5491	7
11353	8
618	8
6405	4
7663	4
6472	4
3396	1
1600	8
10152	9
9616	3
1615	4
1752	2
7770	4
7596	4
2083	4
8248	9
11542	1
9859	4
8773	4
12507	4
5147	2
13174	4
675	6
2545	7
4371	1
11448	4
3999	4
13065	2
5096	4
175	0
7248	8
3609	1
10769	1
3787	8
6025	4
9734	4
2225	4
3049	4
12497	4
1126	4
12066	8
13092	0
9809	4
2441	4
1322	8
1603	8
4210	4
10705	3
11847	4
4065	2
1294	4
5007	4
12862	4
10170	4
12515	3
4071	8
1507	2
1559	4
7416	8
5577	2
12032	4
6088	4
11199	4
6558	5
1836	4
5611	5
11012	8
7171	8
5335	4
1354	2
8191	4
8699	2
12135	1
4844	8
4723	8
8842	4
4032	4
1235	1
10424	8
7176	1
9696	7
12255	8
9265	1
2251	4
1025	1
11866	0
11914	8
11981	9
10830	6
5945	1
3397	2
313	8
636	4
7558	4
10895	4
8774	4
11408	1
9895	4
8594	4
6890	4
2970	1
6984	4
8121	4
3885	8
13217	1
10610	4
4771	4
6491	2
10381	2
5880	0
8029	8
11663	4
11231	4
10741	4
1840	2
12506	9
9494	1
3673	4
10452	8
11909	1
4698	8
13717	4
3320	4
5192	7
2272	8
12923	8
4254	7
4773	4
10952	4
4709	4
847	9
6417	8
5544	4
5526	0
7890	2
5461	4
8911	8
7501	7
6323	4
4597	4
1417	8
5785	4
6784	3
3848	4
604	8
7828	4
13112	9
2078	1
8909	1
2311	6
10786	7
4343	4
1471	4
1982	8
9665	4
4466	2
199	2
485	1
3270	1
4724	4
7042	4
2823	7
4551	2
5336	2
3245	4
4453	4
10411	1
5817	4
13364	8
3749	7
2202	5
9891	8
11220	1
2794	1
6149	4
11242	1
9489	2
524	8
9638	4
947	8
10611	8
9898	7
13277	1
1280	4
122	4
4366	4
13099	7
6889	8
2302	4
12410	1
10328	1
5820	1
1005	1
3460	1
5896	4
10293	2
12358	8
3055	1
3566	2
12252	4
2132	6
8094	7
11662	8
10285	8
229	1
10994	8
4001	2
12571	1
9639	8
8444	8
3007	4
10654	4
4587	4
4221	0
4305	1
8426	2
6931	2
2750	4
8256	3
8292	4
4376	1
2944	8
6569	7
2718	2
3362	9
10270	2
7369	4
5824	4
8064	4
13400	4
5230	6
8260	1
4161	8
11723	4
10581	4
7608	9
11319	1
5322	0
5561	1
12614	8
12077	4
12181	4
8892	4
4867	4
7841	4
1017	2
6730	2
6473	8
8829	1
1928	1
350	4
7953	2
12855	1
10333	4
8419	3
2500	4
7662	4
8849	4
564	4
1582	4
5545	8
2175	3
10035	2
13724	4
3933	4
2707	3
13581	4
5211	4
7507	1
8451	2
10949	4
3535	4
7834	1
8861	8
2397	1
3739	4
10743	1
821	1
2063	5
9282	8
81	8
5419	2
9068	0
12735	8
9910	1
2697	2
831	3
4574	4
3826	4
5924	0
1397	4
9404	1
2833	8
12938	1
12785	1
13111	8
8268	6
12163	1
6096	8
48	2
8404	4
6181	4
8654	1
10501	4
12165	1
10323	4
4095	8
2689	4
7434	4
7055	1
4845	4
5210	1
3990	4
2373	7
5676	4
12632	4
2758	1
8839	1
2488	1
10440	4
13389	8
3880	1
13459	1
8047	1
7836	2
4934	1
12624	6
11501	8
2209	8
5235	2
3945	4
10850	4
2164	4
2886	4
6650	1
9933	8
516	1
10712	4
6113	4
5666	8
172	1
639	4
11357	4
11995	3
5065	7
1143	8
13407	4
11294	0
11514	7
9123	4
1832	7
8918	4
9481	4
3686	3
5700	9
10419	1
12444	2
4537	4
8351	8
13101	4
834	2
2486	4
10272	4
11852	5
8416	4
7624	0
12128	0
8546	7
5467	1
7134	7
65	4
6810	1
6366	1
9341	4
2024	8
8118	7
354	6
5360	4
7729	2
11371	7
7363	0
4762	4
10427	3
11141	8
12174	8
3395	0
6333	8
4568	2
3127	1
6130	4
309	2
6105	8
7584	4
12914	8
11850	8
4354	1
7752	4
9121	2
6951	4
3587	4
9214	4
2583	4
12670	1
2770	4
4812	7
9897	3
9359	4
5087	4
8362	8
5171	2
8059	4
3209	4
8538	4
3905	4
12273	2
10779	2
7402	0
13232	4
9894	0
8141	4
2379	0
9575	8
9598	7
3634	4
4169	1
7732	2
11695	3
13491	4
3428	4
4421	4
1101	1
7932	4
6690	4
13118	7
3250	7
4409	4
4140	3
3557	8
709	7
118	4
2022	1
4598	2
10685	8
6179	8
11920	7
7306	5
13247	2
12582	7
5227	4
7553	8
4681	8
5003	1
6351	0
6912	4
4273	8
5739	5
5470	4
5816	4
13667	4
13069	8
87	2
8526	4
3382	6
11931	4
9070	4
403	2
13388	3
3350	8
13263	8
12878	4
9690	1
2241	4
9800	7
6400	1
9020	1
1027	8
13349	2
7769	1
5517	7
2436	8
7502	8
9286	4
5298	8
1278	4
2042	4
8877	4
6074	4
5157	4
1425	4
5027	4
5281	4
8456	4
1502	4
13398	8
11780	4
11270	2
6942	1
11800	2
6064	4
678	4
5851	1
9558	8
5265	2
8360	3
12840	1
5053	4
5215	1
7495	8
1070	8
8129	1
2480	4
11433	4
3392	4
1099	4
5484	4
13429	4
10656	4
418	4
8687	2
5819	8
13227	1
1947	8
3336	4
2299	4
8408	2
8845	4
13448	6
208	7
7072	8
3682	1
7794	4
9736	7
13365	0
528	4
5329	8
779	8
722	2
11333	2
8724	1
1860	6
11665	2
13151	4
11650	1
12481	4
1992	1
2332	4
8936	6
11074	7
8278	4
6117	1
3459	1
11798	7
12662	8
7089	4
10870	8
11378	2
5492	2
7702	8
4518	1
12540	2
5138	2
13201	8
11461	4
257	7
10461	4
10386	8
11851	4
10981	2
8803	4
12142	0
3625	8
702	4
3189	4
503	4
12131	4
5441	1
2556	8
848	8
2248	8
5616	6
372	4
12182	1
5317	4
9755	4
7865	9
5303	4
4052	1
3937	8
6252	4
13605	3
12626	4
11224	4
9846	3
4076	4
997	5
4332	0
6994	4
1176	7
13327	0
551	4
4840	3
4372	1
3497	3
12378	1
6347	4
8973	4
11446	8
11564	2
5176	4
5829	5
6062	8
6598	2
9136	8
3588	4
10528	4
9419	7
693	1
2533	1
5011	5
3443	3
982	4
10368	7
5943	2
12953	1
4222	4
91	1
5652	7
2266	4
9845	4
7744	7
8725	6
8776	8
261	6
12759	7
3337	7
5497	4
8978	1
7636	2
3626	5
445	8
5111	4
5965	2
3555	4
2194	2
6866	2
11754	2
3367	8
9129	8
2867	8
2526	7
9132	1
7078	1
9376	8
1168	4
4144	4
5149	3
84	8
3149	6
11584	9
880	7
8516	4
9756	4
10197	2
1467	1
12820	5
5641	4
9238	4
452	7
4326	4
4044	3
13697	8
4137	4
3039	6
7926	1
12169	4
5825	4
11292	4
579	1
5236	0
9632	1
10144	4
7464	4
5587	4
12024	7
2467	7
4157	3
6349	8
10520	4
413	4
402	4
4428	9
2084	8
3057	4
10284	4
164	1
12274	2
4302	0
8934	5
10266	8
3317	4
11018	2
3934	2
1847	4
10844	2
1334	2
10558	4
12797	5
753	4
3064	4
7798	4
706	4
3491	1
4573	8
10663	4
5580	5
8045	4
3151	7
12873	4
3799	6
4022	5
8076	3
1074	7
10149	8
12937	2
3438	5
8380	4
12454	2
9236	4
2429	4
246	8
3815	6
12761	4
3632	8
9161	0
2262	4
2246	2
835	2
5064	2
6202	1
432	1
6741	4
1173	2
12295	4
10584	4
4656	9
5289	2
3757	8
9224	2
250	6
6494	4
13458	7
6840	2
13464	4
6795	4
3407	6
2729	1
13615	8
8215	8
433	4
6977	1
10626	4
12509	2
9677	1
13366	4
7523	0
11336	4
10256	8
5629	4
4002	1
4753	2
1332	4
9038	2
6865	1
6983	7
1443	5
3681	4
6576	4
4310	1
4899	2
7054	8
8021	4
12227	8
12222	4
7920	4
2569	4
9834	4
4277	8
3666	1
7628	1
13619	4
2446	1
7756	6
5802	1
3657	1
10546	2
11094	7
3172	2
1223	2
7308	4
4166	8
544	0
1204	2
12926	4
7985	4
12530	8
2637	4
13321	3
12127	1
11441	4
11462	8
11994	4
877	4
12569	4
196	4
13404	7
3383	8
4379	4
10890	3
9843	8
2997	2
3908	8
2571	4
10024	8
6496	9
11868	2
12894	4
13175	6
5721	2
6443	7
4969	1
6479	4
4711	6
4163	6
6545	4
7223	4
10319	9
2682	9
13135	1
2508	0
6842	2
1510	4
4314	7
12382	4
12527	4
5356	4
5972	7
1244	4
7039	4
8060	8
12126	4
4121	5
11736	4
4995	8
9954	4
7131	1
1876	1
8225	3
5262	5
254	2
10776	8
4511	4
12048	4
5159	8
11956	4
759	4
5481	1
654	1
5297	4
10317	4
5812	4
5288	2
2892	4
3401	0
5636	8
1420	1
3044	3
2830	8
9295	4
328	4
12922	4
253	4
12400	8
6159	4
5323	4
8341	4
4377	9
6022	8
5092	3
5377	8
3019	8
3029	4
2636	8
8744	1
1131	2
3018	8
2945	1
3659	8
9722	4
9741	6
7762	4
2663	4
12595	4
5378	8
13564	4
1362	3
7217	6
5533	4
3481	4
13249	4
6255	4
10067	8
7853	2
11654	8
5112	6
5940	1
6760	4
8563	6
9303	4
2880	2
5839	4
3381	4
11511	1
1302	1
7947	4
4957	0
4836	5
9775	1
7764	4
8761	1
5720	4
6826	4
12088	2
942	4
12041	8
3235	8
3257	4
10400	4
10168	8
176	7
435	4
6649	7
308	1
1565	4
3964	4
2135	4
9473	8
12074	6
8817	8
4977	5
7698	7
13186	4
595	8
12031	4
4625	2
8482	0
5332	4
9264	5
5351	8
11435	1
2623	1
8830	7
4572	1
10417	1
12592	8
231	2
179	1
12733	9
737	4
13223	4
7391	8
10302	8
3865	8
5865	3
6057	4
7893	2
109	4
5705	5
7401	5
1321	4
5935	4
1995	2
6495	4
10620	4
12875	4
9036	4
10463	4
800	8
10399	5
2086	1
5501	8
6200	1
8757	4
69	1
5367	1
9427	4
5682	1
13068	8
9308	5
5170	4
1680	1
377	4
1469	7
5961	3
2603	8
4181	4
8293	1
13632	8
10669	7
13010	4
4505	4
10591	4
4230	4
12471	8
3091	2
2726	2
477	4
1329	4
2283	2
3732	3
13268	7
5873	4
8169	8
751	6
12942	3
7760	4
11574	8
873	1
6620	0
7559	4
8997	4
8957	4
4564	8
1545	8
739	4
13475	2
2683	8
10537	1
10148	8
5121	4
9141	8
3518	4
6775	1
2354	1
11610	7
7313	8
773	4
6745	2
12124	1
5200	2
10869	8
641	2
8023	4
7524	8
7809	1
3203	4
4309	4
5204	8
6249	4
865	0
5516	6
8819	4
13161	4
8791	4
13598	4
9512	3
8638	4
9244	4
962	1
12457	1
10187	8
9258	4
13172	8
9618	4
12783	1
3309	8
2166	4
363	4
10513	1
3723	2
2825	1
7787	4
3597	2
4726	1
546	1
2940	1
471	4
1641	2
9565	1
3338	2
6967	4
1172	4
8624	3
5273	8
6672	8
6085	4
9731	4
6791	3
11816	4
8409	2
3364	4
6916	4
7109	4
6724	8
11764	2
1410	4
8661	4
12534	3
6666	4
11646	0
10218	7
2694	2
815	4
6500	4
6762	1
9880	8
2131	5
1797	9
4575	0
5190	7
3122	4
5853	4
5365	4
8304	2
4275	8
12730	8
3089	4
8403	6
11656	4
13729	4
11727	2
5253	1
237	1
1532	4
12957	1
7268	5
3410	4
2831	4
12535	4
1535	4
3879	6
5302	2
7436	1
10490	0
7383	2
1299	7
6739	7
6273	4
5499	4
8470	6
6930	4
13165	2
11014	4
1480	2
2793	2
1601	8
13453	4
5091	4
6804	4
2329	4
7518	4
12005	3
8484	4
12441	4
3661	4
10335	4
555	2
4825	8
1163	4
5680	4
11097	8
4715	2
397	9
13369	1
2506	7
12102	1
8083	3
9043	8
13017	4
8146	1
9379	4
723	4
300	3
11550	4
8159	4
4294	7
6875	8
4185	4
12365	7
7050	4
13522	9
3142	2
9313	4
11827	7
7630	1
3205	4
4955	1
4582	4
12469	1
13166	8
8384	8
13468	4
10801	7
11274	4
1152	1
13224	4
1212	8
4503	1
11291	4
13347	8
5894	2
10010	4
5427	2
8665	1
8066	8
665	8
12402	4
5994	4
642	1
12715	5
3767	1
4272	4
12418	3
6123	7
7149	8
786	6
2857	1
6112	3
9811	1
3202	1
8658	0
8176	1
9466	8
4187	4
12153	2
11409	2
4824	2
7923	7
6067	6
2905	2
4626	8
8441	4
996	4
8009	4
9824	4
6408	0
6250	4
8369	2
5523	4
6275	2
8903	8
156	4
9051	4
3085	4
12827	4
1552	2
8874	7
7903	8
8916	9
3795	8
495	1
8289	1
2321	8
8097	4
11451	1
151	4
7931	2
10441	8
9603	1
9396	4
1738	1
3001	1
12202	2
10481	7
8499	8
12392	8
12070	0
2883	8
3720	2
12119	4
11733	8
7325	1
5471	1
7536	0
10906	4
2276	8
4823	4
6800	7
4704	4
4461	2
343	1
7946	0
4136	4
9904	2
7998	1
8582	1
2223	2
4196	4
2584	4
7613	2
6858	8
9532	6
5081	7
11137	1
8868	4
8694	9
12579	4
11204	1
4734	1
12832	1
1465	1
4593	4
2234	4
3565	2
3903	6
5840	8
283	3
12746	2
12450	6
11792	8
6175	4
9443	2
13700	7
4151	8
12793	7
5938	2
13297	1
8262	1
12939	8
2121	1
7073	2
12769	1
5012	5
5859	5
10586	1
9767	1
3161	1
2630	4
13599	4
11708	2
9186	7
12349	7
1203	4
12164	2
10338	2
616	8
1926	3
3114	2
2641	8
7600	1
12340	2
2562	4
8558	1
12294	1
2728	4
6312	0
5728	4
13721	1
11132	8
7712	8
12296	2
2126	4
12702	4
11330	4
1357	4
8771	1
805	4
4694	4
9395	0
8531	3
7960	1
3140	7
4280	4
5338	5
10360	8
566	4
7583	8
547	5
12723	4
26	4
1067	4
3918	3
4486	4
6604	8
5529	4
6678	4
5398	1
10162	1
6188	2
10087	4
10835	4
1221	0
8810	1
2548	1
13029	4
437	4
8695	2
11642	1
12523	8
5269	1
1861	3
2699	2
8935	2
9586	4
10871	3
2481	7
7598	4
11597	2
2706	1
11621	8
326	9
5135	4
6733	4
5325	7
2499	9
1004	4
6957	8
12613	4
8046	4
8375	4
6836	4
4011	7
12306	6
534	3
3770	4
3960	0
7859	8
10346	4
585	4
11325	0
9554	8
9745	4
11759	2
5799	3
8157	4
9947	4
491	4
13512	2
10109	4
6932	1
10495	1
11300	9
7525	2
6464	4
8573	0
10781	8
3548	8
12813	4
8206	4
7040	4
1916	4
3185	1
7288	5
6712	8
1910	1
4034	1
8049	8
1133	4
8951	4
5080	8
2518	1
9871	4
1317	4
4368	4
121	8
10521	2
2449	4
13356	7
5662	5
6080	1
13703	2
2601	4
6568	8
1522	5
3484	8
2173	4
3283	4
4554	4
3605	4
11857	4
6429	8
12215	4
8243	6
12484	2
3768	2
5077	4
9411	8
4038	7
3502	4
1407	8
4631	2
7874	4
240	4
4935	7
8719	8
13533	2
7971	4
2579	4
7514	1
3269	8
13143	6
1867	2
5550	4
7959	4
13631	4
13716	4
2521	8
9058	1
1820	8
2410	4
7025	4
51	7
3888	7
6637	9
5187	4
11415	4
3577	4
4565	8
6725	2
12047	4
8534	7
11321	8
6391	4
8743	0
1858	7
3779	7
13113	4
4961	1
2809	2
13078	1
498	4
9864	7
12693	7
9192	4
5198	4
5072	8
425	8
4284	8
13036	4
170	8
228	8
7884	4
8981	8
2741	3
5137	2
12034	1
6156	8
9320	2
7840	7
8721	8
2921	6
6001	4
5718	4
9373	4
5583	2
11592	3
3653	4
4323	4
7795	4
1128	3
8883	7
2331	8
2208	6
9551	4
12245	4
7988	8
3153	0
13735	1
10764	5
13620	4
13215	1
6240	4
4990	1
7104	5
2374	1
6673	1
1632	4
9798	4
2298	1
8847	4
4252	8
8805	4
2721	4
6975	7
10529	4
7948	8
12395	4
7965	4
12627	4
1736	2
13351	7
10645	3
5736	2
6962	3
9366	8
10210	4
12176	4
13545	4
9961	9
5094	2
2640	8
13031	8
9158	4
6054	4
9269	7
11170	4
2550	4
8034	2
10963	2
938	8
6768	1
11719	2
12192	8
6449	2
13702	3
6434	1
13374	1
4852	8
2644	1
12025	4
11392	1
3165	8
3639	4
5069	8
8018	4
6529	4
7745	4
4487	4
2061	4
4645	2
8158	4
2812	5
12911	8
11884	2
13298	0
12373	1
2549	1
9684	6
7265	1
888	1
12130	1
9912	4
4174	4
7372	4
12090	1
1024	0
11456	4
4848	1
7646	4
12254	4
1951	8
8797	4
351	1
13604	6
983	7
5480	4
10784	4
6702	4
4797	9
7406	4
3662	1
13487	6
6947	4
4657	7
6414	0
7194	9
7506	4
3150	4
10814	4
13502	4
4813	4
7695	8
5969	1
13088	4
9680	4
5143	6
2939	1
8618	8
9515	4
4510	1
1340	1
12898	0
1391	4
8872	2
10097	5
10667	4
9995	8
10105	2
8287	8
6146	4
6367	1
1583	8
1412	4
7819	8
12040	8
2256	4
10171	4
11335	9
8168	7
2212	4
5603	9
2622	4
9079	4
6004	4
5417	1
4938	1
11390	2
3624	8
11030	7
4267	8
12361	4
11266	4
463	1
1754	4
7881	4
9601	4
5638	2
8285	4
6380	0
7677	4
8833	4
378	8
3106	2
4803	7
1335	4
12107	4
13334	4
2716	3
8813	2
8242	1
7048	6
5446	4
9434	2
12415	4
12108	4
1811	4
6322	4
8809	4
11741	4
9749	4
1894	5
10129	1
4661	8
10707	9
8888	4
7090	4
6221	9
8396	4
1189	4
5194	2
9197	0
12459	4
7632	1
7037	3
8746	4
3454	4
9072	1
7319	2
6829	8
9372	1
7612	8
7727	7
7634	4
6428	9
7666	4
13537	4
10236	1
4613	4
3992	8
6691	8
12727	5
7322	2
1030	3
12575	6
2220	4
3774	4
9747	8
10642	1
12653	4
1755	5
8117	4
10138	4
9623	4
4327	6
11751	1
110	7
13047	8
10182	7
11131	4
5731	4
2917	5
9725	1
11403	1
12541	2
6326	4
9940	4
1515	4
13000	1
12682	2
12466	4
11601	5
2263	6
4479	8
7958	4
11682	2
11539	4
893	8
1490	2
11019	4
1850	9
10080	6
8857	1
324	2
1215	3
8700	4
2933	1
4689	1
10156	4
9855	4
11804	4
12636	5
13375	4
1129	9
731	8
2918	8
7775	3
3084	4
6808	5
7297	1
4588	1
4304	8
12760	4
2795	4
7572	4
798	0
6232	4
734	0
7733	0
2244	4
178	4
9509	4
12989	2
1174	1
13741	4
12396	7
1831	3
11110	3
8165	8
11037	4
1781	5
3201	4
198	1
6451	5
11282	8
4087	4
5193	4
548	8
3339	4
12981	4
13509	2
1187	4
7465	8
8608	4
2532	1
12704	6
2314	6
10140	7
9772	8
11430	3
8284	4
7533	2
7585	7
66	8
5127	3
4712	4
5214	4
3260	3
7497	4
5033	4
10159	8
2572	4
9394	1
13233	2
622	1
1681	4
8139	4
787	4
3332	4
6390	8
13189	4
6008	4
11772	4
12035	4
3280	4
1411	1
9664	1
13237	4
9307	3
9248	2
11899	1
515	8
6158	5
478	4
11117	4
8109	1
10811	4
2647	7
11272	4
7991	4
6899	4
2040	2
8051	8
1033	1
12445	1
11346	1
2598	2
7879	4
6191	4
10766	1
9189	4
7237	1
13485	4
9309	8
8421	2
344	8
5521	5
13706	1
7015	4
1871	4
2977	9
11206	1
3986	0
7209	4
13218	0
2888	4
10851	5
7349	7
4623	4
8679	4
4818	4
12977	2
8944	4
220	4
12648	8
10292	1
8668	3
11445	2
10479	7
7759	4
8265	4
4016	3
7816	4
4248	4
10506	3
12596	4
10721	4
11524	4
5868	8
6487	6
8641	1
13352	2
1264	4
12342	4
4241	8
5650	1
8025	8
12512	4
9919	4
12635	2
4866	4
9530	1
2881	1
1677	5
8177	1
6060	4
901	0
10489	4
13658	1
2296	1
3402	4
7966	4
296	4
12083	4
4153	8
11165	8
8267	9
12470	8
27	4
12780	4
10163	1
6772	4
3829	0
6244	4
11921	5
6486	4
3248	1
13129	4
10877	4
4391	2
12207	4
2580	8
13044	4
11879	4
9344	2
1370	8
13557	4
10397	4
8969	4
5551	4
9868	7
5254	8
681	4
12809	4
4775	6
5422	7
3159	4
9978	4
2987	8
4908	4
1882	1
10297	7
6758	2
9511	2
1940	8
3296	2
3534	7
5974	7
3729	1
490	4
5708	1
1181	1
1375	4
5014	1
7779	4
9219	1
8431	1
626	1
4758	4
12502	4
2112	5
9485	8
10514	8
7731	6
1767	4
10063	8
4180	5
10392	2
7911	6
1462	4
6379	1
2887	4
8295	4
684	7
4539	4
4514	4
13695	4
9814	1
6671	4
6805	4
6453	4
10802	4
1366	1
3916	4
13483	0
2639	9
13019	4
5602	8
12427	4
5729	4
5730	2
8364	4
7204	2
5296	4
12098	4
2300	4
4787	4
2938	5
5659	4
9390	8
13008	5
8832	7
1979	8
5979	4
3803	1
4534	2
9281	7
8406	4
8211	4
7669	4
7607	2
3734	4
11024	4
2934	7
9037	4
10299	6
4800	2
2280	8
9896	7
7882	4
6700	7
4469	9
5133	4
13373	3
6681	5
5428	4
998	4
4130	5
5266	4
9679	3
13489	2
1784	4
3182	1
11923	4
7116	7
494	7
10379	8
10664	2
7908	4
10064	4
2860	4
2038	4
4041	4
11595	4
2897	1
366	3
849	8
8990	0
12357	2
7704	2
9128	2
8166	2
2653	1
7654	8
3503	4
9763	1
6095	4
1541	1
10025	8
12195	8
322	2
2031	6
5089	1
12095	2
813	4
7235	6
2528	8
12903	1
12180	4
8371	0
6375	4
6280	4
12658	8
11806	4
5274	1
1079	4
2226	4
7259	4
11522	4
12574	4
3515	4
7482	7
2705	4
12212	6
11849	8
7722	9
1164	8
3261	8
8042	2
7964	2
1450	2
8423	1
6126	4
4229	4
9921	4
3862	4
2936	5
11101	4
7080	8
3917	4
5487	8
8731	1
11194	8
1723	4
10110	4
7512	8
8336	8
305	4
4056	4
13084	4
2999	4
8749	6
12409	4
1231	8
1514	4
2313	4
10056	3
1451	4
11546	2
10812	4
3479	4
9422	1
11731	2
4321	4
9315	1
838	4
13635	4
6470	4
13652	1
7500	8
11598	4
3899	0
12021	4
3567	2
12747	2
5452	0
3087	8
12006	8
11894	4
4546	4
4692	6
1714	4
10887	4
4270	7
339	1
11072	8
4086	8
6663	7
903	4
11176	7
3218	1
7516	4
588	4
3365	8
2670	4
5515	4
3589	4
34	4
7118	8
28	6
2395	3
8349	3
5458	4
5506	4
10740	4
2170	1
12902	8
10701	8
889	7
3878	7
3322	1
12931	2
3514	4
479	9
12815	4
5673	4
9482	1
2774	1
7620	1
6559	4
3733	4
12019	4
13026	4
12719	2
4528	1
1654	7
4274	1
219	4
223	2
11862	4
5798	7
8317	8
5982	8
4239	4
5882	4
1590	1
9627	8
3256	4
8664	7
8498	8
8625	4
2181	8
8822	6
10259	1
1473	0
6165	4
6103	8
10410	3
5217	7
10369	1
10244	6
4817	5
9478	7
8398	7
7690	2
6521	2
8269	8
6507	7
1209	4
8192	6
421	4
12033	8
7889	3
1706	5
1158	8
2306	8
273	1
171	4
3956	1
5606	4
12709	4
4865	4
8704	8
3188	1
1725	4
12554	8
9368	8
1564	4
1782	8
843	4
12866	2
8343	4
904	8
3494	4
13309	4
13033	7
10507	4
1547	2
7396	1
11480	4
2080	9
7928	2
10484	8
10283	6
7933	4
8374	4
3985	2
13492	8
13064	2
11707	0
10070	4
11265	1
7211	2
4677	4
6533	7
3820	4
5209	1
2646	4
8332	8
10515	1
8913	0
256	4
9754	4
11545	4
4350	4
12327	1
7257	7
5649	4
5923	4
6365	4
10632	4
2155	0
10027	4
7370	7
12229	1
7837	7
6685	4
3715	4
7656	6
9246	4
4057	4
10044	4
11405	4
3622	8
5648	1
4516	4
6403	4
3102	8
7354	8
7930	4
558	4
10038	1
10868	4
1436	4
507	4
5275	3
8318	2
4472	0
1869	9
5663	1
5402	1
5930	4
9590	2
755	4
13100	1
2339	2
4050	7
9053	2
3836	2
12755	1
4386	1
6332	9
13646	4
10695	4
6621	2
2118	8
7680	4
13732	4
729	4
501	4
4522	1
643	1
912	6
1539	6
9743	1
1211	4
7092	4
10124	8
12552	4
672	1
4915	0
6106	3
8670	8
3377	1
4476	7
5615	2
12091	1
1464	1
4745	4
12276	4
1192	4
7152	8
3793	9
1872	6
7445	3
3590	1
10768	4
6360	8
3158	2
7487	8
11100	4
505	4
243	1
7413	7
6719	2
7348	1
5678	4
506	4
11241	8
6501	3
11164	4
11671	8
8313	8
4717	1
6222	8
8486	4
8537	8
8816	8
7581	4
1773	4
8188	4
3010	4
272	4
11227	2
797	3
3618	8
2381	2
2829	7
8574	4
7008	2
5586	4
7708	2
12826	4
12028	8
4633	8
312	4
6510	3
746	4
7707	1
3569	4
790	8
2476	1
8961	4
6120	4
5557	2
12837	1
2570	4
5753	8
11989	8
11895	0
6448	7
5599	1
10039	1
4355	3
7797	8
2163	0
11822	2
10783	7
11951	8
380	8
12531	4
1292	4
1912	4
8449	6
599	1
3892	6
4141	8
5540	8
1652	4
8106	4
1893	4
10214	1
6502	4
4362	4
13629	1
375	4
1966	2
3957	4
12073	4
5696	4
1243	4
11359	8
11082	8
8391	8
941	0
9999	1
3346	4
2657	4
13447	8
8968	4
5326	8
8992	4
6578	4
2799	4
4306	8
9952	0
11400	4
7244	1
298	8
11226	8
3823	8
12620	4
7977	2
2035	3
4039	6
8994	8
9867	4
1499	4
3512	8
13640	2
6828	3
7130	4
10119	8
12625	7
4085	4
242	4
13142	9
1644	1
7371	3
9267	4
5594	1
10318	1
9425	6
5231	1
2076	6
4103	4
